Nama;Deskripsi;Performa ;Skalabilitas;Komunitas;Kemudahan Belajar;Pemeliharaan & Update
CodeIgniter;React framework dengan SSR dan static generatio;5946;3;436665;178;14
Pyramid;React framework dengan SSR dan static generatio;9772;3;286571;182;4
FastAPI;React framework dengan SSR dan static generatio;9147;2;181650;114;18
Symfony;React framework dengan SSR dan static generatio;6861;2;235759;163;13
Angular;React framework dengan SSR dan static generatio;7415;4;210722;127;10
Vue;React framework dengan SSR dan static generatio;3894;3;279473;147;6
Laravel;React framework dengan SSR dan static generatio;2474;4;371386;50;11
Pyramid;React framework dengan SSR dan static generatio;2207;2;469842;145;20
Symfony;React framework dengan SSR dan static generatio;7007;3;343031;44;8
Django;React framework dengan SSR dan static generatio;6469;3;416038;196;11
Svelte;React framework dengan SSR dan static generatio;1571;4;248702;191;1
Flask;React framework dengan SSR dan static generatio;5495;3;295180;103;7
Tornado;React framework dengan SSR dan static generatio;8615;5;94235;165;16
CakePHP;React framework dengan SSR dan static generatio;961;1;205090;139;7
Symfony;React framework dengan SSR dan static generatio;7190;1;377743;101;2
CodeIgniter;React framework dengan SSR dan static generatio;828;3;455705;132;11
Django;React framework dengan SSR dan static generatio;2719;5;454387;166;20
Next.js;React framework dengan SSR dan static generatio;6655;3;134560;69;6
Next.js;React framework dengan SSR dan static generatio;8066;3;164924;39;21
Yii2;React framework dengan SSR dan static generatio;4765;1;15370;183;20
Vue;React framework dengan SSR dan static generatio;8139;4;31033;126;5
CakePHP;React framework dengan SSR dan static generatio;7707;2;426302;103;15
CodeIgniter;React framework dengan SSR dan static generatio;830;2;34869;176;8
FastAPI;React framework dengan SSR dan static generatio;2987;1;19786;98;15
Yii2;React framework dengan SSR dan static generatio;8053;2;185002;161;11
CodeIgniter;React framework dengan SSR dan static generatio;2720;1;195928;115;22
Tornado;React framework dengan SSR dan static generatio;6753;3;430668;174;3
Symfony;React framework dengan SSR dan static generatio;3548;4;263250;49;10
Pyramid;React framework dengan SSR dan static generatio;1256;2;290320;162;17
Svelte;React framework dengan SSR dan static generatio;9828;1;182946;22;5
FastAPI;React framework dengan SSR dan static generatio;2655;2;166893;31;24
Symfony;React framework dengan SSR dan static generatio;8606;3;422741;93;3
CakePHP;React framework dengan SSR dan static generatio;4571;1;87873;17;11
CodeIgniter;React framework dengan SSR dan static generatio;7739;3;487673;165;23
Flask;React framework dengan SSR dan static generatio;5241;4;470296;175;18
React;React framework dengan SSR dan static generatio;8395;4;292639;161;14
Next.js;React framework dengan SSR dan static generatio;3783;1;355676;75;22
Django;React framework dengan SSR dan static generatio;7758;1;454940;163;12
Pyramid;React framework dengan SSR dan static generatio;2498;5;261475;159;1
Pyramid;React framework dengan SSR dan static generatio;848;4;105028;101;2
Laravel;React framework dengan SSR dan static generatio;8562;1;161544;166;19
React;React framework dengan SSR dan static generatio;4923;4;272883;64;14
FastAPI;React framework dengan SSR dan static generatio;1693;5;369197;32;1
Angular;React framework dengan SSR dan static generatio;5947;3;188046;35;11
Angular;React framework dengan SSR dan static generatio;7026;5;118547;33;23
FastAPI;React framework dengan SSR dan static generatio;8469;1;271832;109;20
Yii2;React framework dengan SSR dan static generatio;1729;1;165349;131;24
Vue;React framework dengan SSR dan static generatio;5118;4;378870;168;11
Symfony;React framework dengan SSR dan static generatio;9174;5;324918;172;9
Django;React framework dengan SSR dan static generatio;1026;1;189461;35;19
React;React framework dengan SSR dan static generatio;686;2;327153;133;3
Angular;React framework dengan SSR dan static generatio;4867;2;100119;155;13
Yii2;React framework dengan SSR dan static generatio;6472;4;485442;192;10
Vue;React framework dengan SSR dan static generatio;6436;2;132134;160;1
Angular;React framework dengan SSR dan static generatio;796;4;298193;188;1
Vue;React framework dengan SSR dan static generatio;5441;5;351243;60;21
React;React framework dengan SSR dan static generatio;4745;4;22312;194;1
CodeIgniter;React framework dengan SSR dan static generatio;6572;5;499478;166;7
Symfony;React framework dengan SSR dan static generatio;6970;2;330447;62;15
Pyramid;React framework dengan SSR dan static generatio;4357;4;430936;82;17
Vue;React framework dengan SSR dan static generatio;2823;1;52410;127;6
Laravel;React framework dengan SSR dan static generatio;6878;4;393694;158;14
Flask;React framework dengan SSR dan static generatio;2735;1;360774;51;6
Django;React framework dengan SSR dan static generatio;3714;5;198452;177;9
Yii2;React framework dengan SSR dan static generatio;7187;3;17938;155;1
Laravel;React framework dengan SSR dan static generatio;5999;1;495803;112;2
Tornado;React framework dengan SSR dan static generatio;8978;2;398003;166;11
Flask;React framework dengan SSR dan static generatio;2440;2;235782;21;1
React;React framework dengan SSR dan static generatio;8533;4;366944;39;18
FastAPI;React framework dengan SSR dan static generatio;3980;2;287349;109;16
Yii2;React framework dengan SSR dan static generatio;6827;4;489596;197;19
Tornado;React framework dengan SSR dan static generatio;6516;5;411092;138;22
Angular;React framework dengan SSR dan static generatio;7847;3;379400;85;22
Vue;React framework dengan SSR dan static generatio;2175;3;287993;79;20
Symfony;React framework dengan SSR dan static generatio;2691;3;442091;32;2
Tornado;React framework dengan SSR dan static generatio;1927;2;170133;52;16
Svelte;React framework dengan SSR dan static generatio;8972;5;108729;137;6
CakePHP;React framework dengan SSR dan static generatio;5058;4;175455;15;11
Tornado;React framework dengan SSR dan static generatio;2200;4;405581;193;16
Flask;React framework dengan SSR dan static generatio;9506;2;385618;95;15
Yii2;React framework dengan SSR dan static generatio;2037;3;376250;195;11
Vue;React framework dengan SSR dan static generatio;4661;4;378923;60;21
Yii2;React framework dengan SSR dan static generatio;7658;2;274090;88;8
FastAPI;React framework dengan SSR dan static generatio;596;4;205997;122;17
Yii2;React framework dengan SSR dan static generatio;3549;3;172332;64;11
FastAPI;React framework dengan SSR dan static generatio;932;4;332767;91;19
Next.js;React framework dengan SSR dan static generatio;5025;1;470363;112;24
CodeIgniter;React framework dengan SSR dan static generatio;1558;5;270631;49;3
Tornado;React framework dengan SSR dan static generatio;2373;5;275155;22;16
React;React framework dengan SSR dan static generatio;5715;2;471746;199;3
Angular;React framework dengan SSR dan static generatio;5956;2;382971;85;12
Tornado;React framework dengan SSR dan static generatio;9321;2;327334;143;19
Svelte;React framework dengan SSR dan static generatio;8249;2;435122;48;8
FastAPI;React framework dengan SSR dan static generatio;9693;2;63301;47;10
React;React framework dengan SSR dan static generatio;2773;3;294220;38;1
Yii2;React framework dengan SSR dan static generatio;1678;2;385319;30;15
Symfony;React framework dengan SSR dan static generatio;7123;2;21486;153;7
CodeIgniter;React framework dengan SSR dan static generatio;8386;1;348078;13;15
CakePHP;React framework dengan SSR dan static generatio;9357;4;204170;199;23
Yii2;React framework dengan SSR dan static generatio;3592;5;440130;145;3
Flask;React framework dengan SSR dan static generatio;7482;3;261728;145;11
Svelte;React framework dengan SSR dan static generatio;1862;2;457397;144;22
CodeIgniter;React framework dengan SSR dan static generatio;1152;5;229183;87;8
Yii2;React framework dengan SSR dan static generatio;2144;2;423199;66;14
Symfony;React framework dengan SSR dan static generatio;5461;2;26723;160;14
Next.js;React framework dengan SSR dan static generatio;7793;4;398593;126;5
CodeIgniter;React framework dengan SSR dan static generatio;7916;2;272850;36;9
FastAPI;React framework dengan SSR dan static generatio;928;4;370704;156;24
Symfony;React framework dengan SSR dan static generatio;7133;3;52926;101;16
Laravel;React framework dengan SSR dan static generatio;5765;5;280969;93;6
React;React framework dengan SSR dan static generatio;9565;2;299968;132;20
Yii2;React framework dengan SSR dan static generatio;1803;3;259907;40;8
CakePHP;React framework dengan SSR dan static generatio;9732;5;26173;108;4
Yii2;React framework dengan SSR dan static generatio;4813;5;48447;55;9
Django;React framework dengan SSR dan static generatio;5572;2;424277;154;24
Tornado;React framework dengan SSR dan static generatio;5255;2;38313;62;16
Flask;React framework dengan SSR dan static generatio;6599;4;231879;13;3
React;React framework dengan SSR dan static generatio;1250;3;305729;86;7
CakePHP;React framework dengan SSR dan static generatio;2019;2;179104;156;17
React;React framework dengan SSR dan static generatio;2874;2;454627;162;8
CodeIgniter;React framework dengan SSR dan static generatio;7141;3;424222;190;7
Tornado;React framework dengan SSR dan static generatio;2160;2;124165;180;15
Symfony;React framework dengan SSR dan static generatio;2310;4;235523;60;16
Angular;React framework dengan SSR dan static generatio;6766;4;367544;33;5
CakePHP;React framework dengan SSR dan static generatio;5410;3;364035;48;24
Next.js;React framework dengan SSR dan static generatio;7648;3;157734;27;3
Flask;React framework dengan SSR dan static generatio;7659;1;352836;141;1
Angular;React framework dengan SSR dan static generatio;8738;5;498884;43;16
Next.js;React framework dengan SSR dan static generatio;1620;2;424400;182;11
Angular;React framework dengan SSR dan static generatio;1292;4;345764;148;9
Svelte;React framework dengan SSR dan static generatio;4289;5;267132;144;15
Django;React framework dengan SSR dan static generatio;6903;4;485898;14;24
CodeIgniter;React framework dengan SSR dan static generatio;4465;4;219903;125;13
Flask;React framework dengan SSR dan static generatio;6495;1;108187;16;10
Laravel;React framework dengan SSR dan static generatio;3729;3;298687;154;4
React;React framework dengan SSR dan static generatio;1254;1;132928;11;5
Symfony;React framework dengan SSR dan static generatio;2304;1;154641;140;11
Angular;React framework dengan SSR dan static generatio;9436;5;200695;19;22
Next.js;React framework dengan SSR dan static generatio;1770;1;218878;158;21
Svelte;React framework dengan SSR dan static generatio;6614;2;117466;141;20
Vue;React framework dengan SSR dan static generatio;1748;1;410104;112;15
CakePHP;React framework dengan SSR dan static generatio;9110;1;68659;192;5
Tornado;React framework dengan SSR dan static generatio;3834;2;191492;193;12
Pyramid;React framework dengan SSR dan static generatio;8921;1;145928;162;16
CakePHP;React framework dengan SSR dan static generatio;9633;2;411995;63;1
Tornado;React framework dengan SSR dan static generatio;8002;4;112903;88;16
Angular;React framework dengan SSR dan static generatio;8857;3;417612;90;3
Svelte;React framework dengan SSR dan static generatio;9979;4;185651;194;24
Tornado;React framework dengan SSR dan static generatio;2427;4;191544;97;2
FastAPI;React framework dengan SSR dan static generatio;8227;4;430469;63;15
FastAPI;React framework dengan SSR dan static generatio;1080;3;280274;143;2
CakePHP;React framework dengan SSR dan static generatio;6622;2;99665;137;10
Svelte;React framework dengan SSR dan static generatio;2027;4;146207;106;21
FastAPI;React framework dengan SSR dan static generatio;2452;5;143004;84;7
Pyramid;React framework dengan SSR dan static generatio;659;1;251364;190;5
Svelte;React framework dengan SSR dan static generatio;9155;2;384518;67;11
Django;React framework dengan SSR dan static generatio;4084;2;219037;60;10
Flask;React framework dengan SSR dan static generatio;4368;5;473279;131;14
Django;React framework dengan SSR dan static generatio;8332;1;64714;97;18
Pyramid;React framework dengan SSR dan static generatio;4863;2;53111;25;14
Symfony;React framework dengan SSR dan static generatio;6674;4;142678;100;9
CodeIgniter;React framework dengan SSR dan static generatio;6595;1;421320;16;14
CakePHP;React framework dengan SSR dan static generatio;1427;5;307551;113;14
Laravel;React framework dengan SSR dan static generatio;9779;1;18972;101;4
CakePHP;React framework dengan SSR dan static generatio;9177;2;357603;46;10
Yii2;React framework dengan SSR dan static generatio;5175;2;379660;108;8
Pyramid;React framework dengan SSR dan static generatio;955;4;122693;52;10
Next.js;React framework dengan SSR dan static generatio;4385;1;284451;71;4
Django;React framework dengan SSR dan static generatio;5405;3;369362;175;4
Symfony;React framework dengan SSR dan static generatio;9163;1;29994;162;3
React;React framework dengan SSR dan static generatio;9293;2;349812;183;23
Flask;React framework dengan SSR dan static generatio;8586;3;176436;138;13
Pyramid;React framework dengan SSR dan static generatio;1144;5;226887;136;15
FastAPI;React framework dengan SSR dan static generatio;8768;5;381737;171;7
React;React framework dengan SSR dan static generatio;2733;1;329135;76;19
Pyramid;React framework dengan SSR dan static generatio;6529;3;216373;164;16
Laravel;React framework dengan SSR dan static generatio;9682;1;58426;175;2
CakePHP;React framework dengan SSR dan static generatio;6664;2;73806;172;2
CakePHP;React framework dengan SSR dan static generatio;5711;3;231488;109;10
Vue;React framework dengan SSR dan static generatio;6374;3;386437;110;5
Vue;React framework dengan SSR dan static generatio;5975;3;474071;165;2
FastAPI;React framework dengan SSR dan static generatio;6060;1;424683;102;12
React;React framework dengan SSR dan static generatio;4171;1;225897;50;23
CakePHP;React framework dengan SSR dan static generatio;8088;3;494309;97;21
Flask;React framework dengan SSR dan static generatio;1298;1;411604;199;21
Symfony;React framework dengan SSR dan static generatio;5115;2;449713;106;17
Tornado;React framework dengan SSR dan static generatio;6590;5;305366;50;24
Flask;React framework dengan SSR dan static generatio;3287;3;212437;121;12
Tornado;React framework dengan SSR dan static generatio;8002;1;71016;36;21
Django;React framework dengan SSR dan static generatio;6124;2;247645;66;4
Vue;React framework dengan SSR dan static generatio;4031;3;229684;171;13
React;React framework dengan SSR dan static generatio;3042;4;225049;133;16
Angular;React framework dengan SSR dan static generatio;5317;4;66247;91;14
Symfony;React framework dengan SSR dan static generatio;6884;4;156993;51;9
Pyramid;React framework dengan SSR dan static generatio;5481;5;183578;15;5
React;React framework dengan SSR dan static generatio;2640;1;274356;59;4
Tornado;React framework dengan SSR dan static generatio;3294;3;125717;99;14
Next.js;React framework dengan SSR dan static generatio;1122;1;38832;29;12
Tornado;React framework dengan SSR dan static generatio;5023;5;270863;142;1
Symfony;React framework dengan SSR dan static generatio;4204;3;438380;134;4
Yii2;React framework dengan SSR dan static generatio;4175;3;436691;21;2
Pyramid;React framework dengan SSR dan static generatio;9045;4;124063;42;4
Tornado;React framework dengan SSR dan static generatio;6574;4;421971;153;10
CodeIgniter;React framework dengan SSR dan static generatio;2885;5;15977;22;1
CodeIgniter;React framework dengan SSR dan static generatio;4971;3;260518;29;13
FastAPI;React framework dengan SSR dan static generatio;1217;5;329014;183;4
Django;React framework dengan SSR dan static generatio;8779;2;353841;53;10
Yii2;React framework dengan SSR dan static generatio;5958;5;204560;67;9
Symfony;React framework dengan SSR dan static generatio;8440;3;368630;112;14
React;React framework dengan SSR dan static generatio;5281;3;163110;170;8
CakePHP;React framework dengan SSR dan static generatio;6429;1;233161;94;24
Django;React framework dengan SSR dan static generatio;3723;3;105826;61;6
Angular;React framework dengan SSR dan static generatio;9760;4;14756;151;23
Flask;React framework dengan SSR dan static generatio;6424;2;63868;47;12
Flask;React framework dengan SSR dan static generatio;9133;2;180010;55;17
React;React framework dengan SSR dan static generatio;6546;4;66742;195;19
Tornado;React framework dengan SSR dan static generatio;6717;1;380633;158;8
Angular;React framework dengan SSR dan static generatio;5845;4;185835;107;8
Next.js;React framework dengan SSR dan static generatio;8599;2;459922;55;5
Laravel;React framework dengan SSR dan static generatio;2605;3;217641;98;10
Django;React framework dengan SSR dan static generatio;4941;3;226162;146;6
CodeIgniter;React framework dengan SSR dan static generatio;9951;1;50127;99;6
Yii2;React framework dengan SSR dan static generatio;6811;3;373629;163;23
Svelte;React framework dengan SSR dan static generatio;2859;5;277282;135;5
Tornado;React framework dengan SSR dan static generatio;4358;4;437620;43;18
FastAPI;React framework dengan SSR dan static generatio;7568;3;336940;36;14
Flask;React framework dengan SSR dan static generatio;7601;4;260622;59;8
Flask;React framework dengan SSR dan static generatio;8255;2;359856;13;7
Django;React framework dengan SSR dan static generatio;7854;3;137166;70;15
Angular;React framework dengan SSR dan static generatio;3907;2;322301;157;11
Angular;React framework dengan SSR dan static generatio;8397;5;409220;55;18
Symfony;React framework dengan SSR dan static generatio;8852;4;166480;44;6
CakePHP;React framework dengan SSR dan static generatio;3450;5;419228;168;19
FastAPI;React framework dengan SSR dan static generatio;1496;5;454604;14;11
CodeIgniter;React framework dengan SSR dan static generatio;3213;2;150315;154;21
CakePHP;React framework dengan SSR dan static generatio;8772;1;290744;100;17
CakePHP;React framework dengan SSR dan static generatio;5664;2;481306;188;6
Laravel;React framework dengan SSR dan static generatio;8442;3;425294;63;13
Vue;React framework dengan SSR dan static generatio;7793;5;130553;69;5
Angular;React framework dengan SSR dan static generatio;6366;5;447540;27;21
Flask;React framework dengan SSR dan static generatio;4196;4;394667;116;7
Flask;React framework dengan SSR dan static generatio;7928;1;90635;176;19
Angular;React framework dengan SSR dan static generatio;1731;5;21930;176;11
Django;React framework dengan SSR dan static generatio;2396;1;48043;97;19
Vue;React framework dengan SSR dan static generatio;3835;5;371057;99;16
CodeIgniter;React framework dengan SSR dan static generatio;7467;4;497781;189;10
Tornado;React framework dengan SSR dan static generatio;6309;3;202937;29;14
Laravel;React framework dengan SSR dan static generatio;8175;1;347587;76;8
Vue;React framework dengan SSR dan static generatio;9958;5;221815;141;14
Vue;React framework dengan SSR dan static generatio;9938;3;119414;27;1
Tornado;React framework dengan SSR dan static generatio;5992;2;127712;104;8
Yii2;React framework dengan SSR dan static generatio;8433;1;112345;35;6
Next.js;React framework dengan SSR dan static generatio;2795;3;132246;150;18
CodeIgniter;React framework dengan SSR dan static generatio;1021;2;260325;40;18
Tornado;React framework dengan SSR dan static generatio;2855;1;65152;169;17
Symfony;React framework dengan SSR dan static generatio;4235;5;141415;146;20
FastAPI;React framework dengan SSR dan static generatio;5173;1;385745;51;2
Flask;React framework dengan SSR dan static generatio;6734;3;390381;167;10
Yii2;React framework dengan SSR dan static generatio;6387;2;496738;28;10
Laravel;React framework dengan SSR dan static generatio;2701;3;191753;104;23
Angular;React framework dengan SSR dan static generatio;8564;4;40811;75;6
Tornado;React framework dengan SSR dan static generatio;5898;1;310012;88;7
Pyramid;React framework dengan SSR dan static generatio;9212;4;301056;45;15
Tornado;React framework dengan SSR dan static generatio;1307;3;154247;36;7
FastAPI;React framework dengan SSR dan static generatio;9480;5;94263;154;8
Flask;React framework dengan SSR dan static generatio;3860;2;340181;166;2
Pyramid;React framework dengan SSR dan static generatio;7031;1;441636;165;23
Next.js;React framework dengan SSR dan static generatio;2692;3;236318;107;20
Laravel;React framework dengan SSR dan static generatio;8356;2;440149;23;13
FastAPI;React framework dengan SSR dan static generatio;3165;1;295150;39;9
FastAPI;React framework dengan SSR dan static generatio;7058;3;213099;127;5
Next.js;React framework dengan SSR dan static generatio;7487;5;157071;47;9
CodeIgniter;React framework dengan SSR dan static generatio;5689;5;332715;59;23
Angular;React framework dengan SSR dan static generatio;2940;1;398942;191;2
Pyramid;React framework dengan SSR dan static generatio;7909;3;485561;44;15
Next.js;React framework dengan SSR dan static generatio;9120;2;248971;160;18
Flask;React framework dengan SSR dan static generatio;3936;2;121008;146;1
Next.js;React framework dengan SSR dan static generatio;2935;1;126779;184;1
FastAPI;React framework dengan SSR dan static generatio;2211;5;343951;30;17
FastAPI;React framework dengan SSR dan static generatio;7211;2;398895;81;2
Svelte;React framework dengan SSR dan static generatio;9305;3;206251;114;10
Next.js;React framework dengan SSR dan static generatio;4754;1;303997;108;6
Django;React framework dengan SSR dan static generatio;8431;5;132646;196;12
Laravel;React framework dengan SSR dan static generatio;2162;4;409864;163;15
Django;React framework dengan SSR dan static generatio;7873;1;203395;72;17
Svelte;React framework dengan SSR dan static generatio;8958;5;174679;16;8
Angular;React framework dengan SSR dan static generatio;9336;5;272204;71;17
Laravel;React framework dengan SSR dan static generatio;6239;5;32295;130;14
CodeIgniter;React framework dengan SSR dan static generatio;5321;3;158041;187;11
Svelte;React framework dengan SSR dan static generatio;2976;3;217933;133;18
Django;React framework dengan SSR dan static generatio;6172;2;369034;111;11
CodeIgniter;React framework dengan SSR dan static generatio;6859;5;479810;58;6
Laravel;React framework dengan SSR dan static generatio;9623;3;34024;56;3
React;React framework dengan SSR dan static generatio;5608;4;77335;60;2
Angular;React framework dengan SSR dan static generatio;9336;5;272204;71;17
Laravel;React framework dengan SSR dan static generatio;6239;5;32295;130;14
CodeIgniter;React framework dengan SSR dan static generatio;5321;3;158041;187;11
Svelte;React framework dengan SSR dan static generatio;2976;3;217933;133;18
Svelte;React framework dengan SSR dan static generatio;2859;5;277282;135;5
FastAPI;React framework dengan SSR dan static generatio;1217;5;329014;183;4
